,train,val,test
0,TCGA-UW-A72O-01Z-00-DX1.755C4693-A9CE-48E7-A76B-DAECEE850D35,TCGA-UW-A72S-01Z-00-DX1.EA180EA6-ADD1-4ECC-89D8-082B185AC2B4,TCGA-KL-8336-01Z-00-DX1.bfba9373-efa8-4573-8ee6-8ac961f0b65a
1,TCGA-KM-A7QI-01Z-00-DX1.D5284A3E-891C-4750-BE93-C09C7F23C95C,TCGA-KL-8326-01Z-00-DX1.0fe86143-728f-4447-98a5-4a6d87ef398b,TCGA-KO-8406-01Z-00-DX1.F9FDAB2C-9EEC-41D0-A29C-530107B96AC2
2,TCGA-KM-8477-01Z-00-DX1.5419F74B-EE1C-47C3-A5A7-B22768E613A8,TCGA-UW-A7GN-01Z-00-DX1.0DCDED5B-B0D4-4B0F-81DB-1534E331ED3C,TCGA-UW-A72Q-01Z-00-DX1.6EEF0E01-E576-4DCA-B613-451D0079EB13
3,TCGA-UW-A7GR-01Z-00-DX1.094D510F-5348-4543-9F18-73815250F824,TCGA-UW-A7GN-11Z-00-DX1.ABAA5DC6-D63C-4BBF-AB0C-213B95C79720,TCGA-KN-8431-01Z-00-DX1.BAEA4392-5CD8-4B28-8A47-E9DCE88F5820
4,TCGA-UW-A7GR-11Z-00-DX1.33EC231A-1C19-48A5-B37E-14C79191DDD6,TCGA-NP-A5H1-01Z-00-DX1.ABF28359-B224-4C36-9217-C6DB90692848,TCGA-NP-A5H6-01Z-00-DX1.49B2A361-7BCD-4321-8372-8BAB636E812F
5,TCGA-B0-4816-01Z-00-DX1.6cc0b334-b885-4cdc-a2a8-cd3efaa2e241,TCGA-KM-A7QJ-01Z-00-DX1.5011C41F-4385-4AB2-8AFE-5409125EDC31,TCGA-UW-A7GI-01Z-00-DX1.4A1709FC-F8F3-4509-A011-10CBF1B53DA9
6,TCGA-BP-4352-01Z-00-DX1.fc671377-0f49-4a28-93fe-0409be6a7473,TCGA-KN-8428-01Z-00-DX1.CA71B178-286E-4EDF-9B37-1D2CEE07F9F4,TCGA-UW-A7GI-11Z-00-DX1.3D506541-C999-4897-B21B-2211ADB364AE
7,TCGA-CJ-4923-01Z-00-DX1.ADD3D7FE-46D1-49AF-B6D4-1FD07B761EF1,TCGA-KN-8432-01Z-00-DX1.D4136A31-C2DC-432C-96FB-FD5EE47ECC0D,TCGA-KN-8436-01Z-00-DX1.0CCCF11D-ED0E-4575-8F25-813415391524
8,TCGA-B0-4846-01Z-00-DX1.7552759a-fa5b-425f-8db1-33fe6f871f6b,TCGA-NP-A5B3-01Z-00-DX1.6DE4C2C4-E135-4117-864D-2A477D6FDB86,TCGA-UW-A72N-01Z-00-DX1.458F977B-AA32-4073-BDC6-FCAD44C6B83D
9,TCGA-B3-8121-01Z-00-DX1.1F484841-E8CA-4783-B75A-7923A11D5BDA,TCGA-KO-8407-01Z-00-DX1.4EB39EA8-2A33-48E1-88A6-EE3B544249AB,TCGA-UW-A7GY-01Z-00-DX1.CD2CCA5D-C92B-409C-B5D6-1EB7C8A0B4CD
10,TCGA-Q2-A5QZ-01Z-00-DX1.66131B27-D89A-4BCC-A25A-1A4B9682199C,TCGA-UW-A7GX-01Z-00-DX1.C99CCFC7-C714-4F0D-AC12-D88F6DFAEFB6,TCGA-UW-A7GY-11Z-00-DX1.7410A3EA-BFFD-4744-8DB2-66A409C0BFA9
11,TCGA-P4-A5E6-01Z-00-DX1.1EDE26CC-47BE-4931-807C-51D1C469670F,TCGA-UW-A7GX-11Z-00-DX1.57C4FD28-5463-40C5-9E87-484F3326B395,TCGA-UW-A72K-01Z-00-DX1.F1E38D60-26AA-4D0E-8738-7711611D10D6
12,TCGA-4A-A93Y-01Z-00-DX1.AEA9169D-99CD-4107-B7FE-A58D6BD85758,TCGA-UW-A72L-01Z-00-DX1.0A459BE8-D799-441D-85C0-B02AF6EDC806,TCGA-UW-A72J-01Z-00-DX1.B62772BA-DC29-40C9-B5C8-AC47AFA0437D
13,,TCGA-KM-A7QC-01Z-00-DX1.4B44EEAA-FA1C-47F9-852F-68EE45E09D5E,TCGA-KL-8342-01Z-00-DX1.a0dac779-03d7-4041-9e56-b33e548d5567
14,,TCGA-UW-A7GK-01Z-00-DX1.B074DEBE-1697-443B-B426-BD57553E1108,TCGA-KL-8332-01Z-00-DX1.3a375f5f-38e4-4022-8b36-5d8547870417
15,,TCGA-UW-A7GK-11Z-00-DX1.123382DA-3237-4467-ADDD-21A1617DF4E8,TCGA-UW-A72H-01Z-00-DX1.25A52BAA-4000-4AC7-9B93-9D9790C8834A
16,,TCGA-KL-8334-01Z-00-DX1.bc0857e2-938f-497a-ab63-38bc87e1af30,TCGA-KL-8339-01Z-00-DX1.5826ea77-f0a1-4b47-acd7-62a6ba878dec
17,,TCGA-KO-8410-01Z-00-DX1.95A5FA25-6C01-478E-8CAB-20DF56E8D01C,TCGA-NP-A5H5-01Z-00-DX1.E6434A29-9182-4476-9E89-62B9C8EABC5B
18,,TCGA-KM-8438-01Z-00-DX1.1106521B-3563-43AA-8971-18560BAC51C4,TCGA-KO-8403-01Z-00-DX1.47C5A937-3397-4313-BE8B-0C6E4B12C301
19,,TCGA-KN-8419-01Z-00-DX1.15311E57-CCC5-4D15-88DC-0ED9FD2CF2D0,TCGA-KN-8418-01Z-00-DX1.376DD52D-EF98-4564-B8E3-FE4D219A5C88
20,,TCGA-KL-8340-01Z-00-DX1.85fe33f4-87d5-4e36-9389-d093cde30f80,TCGA-KN-8422-01Z-00-DX1.26F9BF86-6D2C-4C99-BFEB-A3708AD48734
21,,TCGA-KM-8476-01Z-00-DX1.BDC7C35E-1B36-4CF6-9CF0-B63C68724EF2,TCGA-UW-A7GP-01Z-00-DX1.C997CBA5-AF20-4CB3-9CB3-82AA65146EF5
22,,TCGA-KM-8441-01Z-00-DX1.D2CA0ADE-7EDF-49A6-989C-2761F1CFE340,TCGA-UW-A7GP-11Z-00-DX1.C89DD837-4B77-4CB5-8FAB-DF9315892B9B
23,,TCGA-CJ-4900-01Z-00-DX1.75AA0FB8-54AF-492F-867F-A7A4DA11FCAF,TCGA-UW-A72R-01Z-00-DX1.0D9559B0-80C4-42BA-9461-F92792F0FC0F
24,,TCGA-B0-4698-01Z-00-DX1.e50fd25d-db5f-419f-b400-911fce1333d0,TCGA-KL-8324-01Z-00-DX1.d99a7299-8f9b-4881-8324-50ed2d63358c
25,,TCGA-BP-5196-01Z-00-DX1.85bc950b-ed4a-4f77-8c17-b2916d0a05de,TCGA-NP-A5GY-01Z-00-DX1.F405475A-B246-42FB-8380-8953B328193E
26,,TCGA-BP-4999-01Z-00-DX1.e78eaded-4e89-4bcf-b3fe-3e7b8db7f2c2,TCGA-KN-8433-01Z-00-DX1.4AE64138-3E04-46AC-B905-52CB71261230
27,,TCGA-B0-4821-01Z-00-DX1.794eb92f-941b-46a8-9aba-fa702408b772,TCGA-KL-8341-01Z-00-DX1.eb0da21c-75f5-4de5-a753-12666eff0030
28,,TCGA-BP-5183-01Z-00-DX1.f84b4982-b51e-4220-a80b-767ecbb3e20f,TCGA-KL-8346-01Z-00-DX1.af2fc9c2-98b7-471f-9777-08c7cc8c734e
29,,TCGA-B0-4852-01Z-00-DX1.b3511f16-8d4e-4fa4-9f67-8309f277f167,TCGA-UW-A7GL-01Z-00-DX1.BE2C0D9F-3F84-4363-9B79-01883E8F0306
30,,TCGA-BP-4965-01Z-00-DX1.80afb4f3-e44e-4e99-8047-102be4aad2de,TCGA-UW-A7GL-11Z-00-DX1.3508B4AD-C189-4416-848A-CA6771F2EE46
31,,TCGA-B4-5843-01Z-00-DX1.6e020ad3-b4fc-4280-ab98-865eb075fe29,TCGA-KM-A7QG-01Z-00-DX1.7275EEF1-1D4E-4471-89C3-5B99EC03515E
32,,TCGA-A3-A6NJ-01Z-00-DX1.249AAC4B-E019-43FA-96EF-95ED15D3D264,TCGA-KO-8415-01Z-00-DX1.CB5F5330-C4E6-4ABB-B9A5-92F94EF23837
33,,TCGA-CZ-4863-01Z-00-DX1.7f3da3a1-5d70-4d30-a9f3-80ab883cf9f6,TCGA-KN-8424-01Z-00-DX1.4EC063E2-A058-4610-9B47-FCE2172955B6
34,,TCGA-BP-4993-01Z-00-DX1.9eb12eba-9015-4f39-a241-8038ab4ae4a7,TCGA-KM-A7QE-01Z-00-DX1.82CBD529-FBB8-4969-A6E0-B563F0C9D73B
35,,TCGA-BP-4975-01Z-00-DX1.3b4b3a5f-f2c1-41d7-9590-11dc5a6265d9,TCGA-KN-8427-01Z-00-DX1.8B2A5B0B-977E-4ED9-A9D2-23FFFBA43B7C
36,,TCGA-A3-3331-01Z-00-DX1.13afd793-4360-43db-9c99-1e72e4b158d7,TCGA-UW-A7GG-01Z-00-DX1.83625891-206C-4060-924A-166BE9E893A7
37,,TCGA-AK-3440-01Z-00-DX1.ea0763b1-4262-4c75-9f76-080af1ffeab7,TCGA-UW-A7GG-11Z-00-DX1.35E063D3-7E85-4BEB-9807-26F96CE31364
38,,TCGA-EU-5904-01Z-00-DX1.1eb3086c-abb3-4640-838d-6b1a8fb4ff4d,TCGA-UW-A72T-01Z-00-DX1.1F6EC843-0D4C-4231-99D2-82174C9FF94D
39,,TCGA-A3-3311-01Z-00-DX1.9674290b-42c6-4107-9eb3-a7d712fbf858,TCGA-KN-8434-01Z-00-DX1.EC2C42B5-DB0D-44A3-8224-E982201AE337
40,,TCGA-CJ-5676-01Z-00-DX1.9B227E1C-E4E1-4E1B-97CB-A4B8F2D27DC6,TCGA-KN-8430-01Z-00-DX1.8192F868-A504-44E0-929B-7527EB37ECAB
41,,TCGA-CZ-4861-01Z-00-DX1.c36faa05-5e3b-4711-897e-c91f84405870,TCGA-KO-8414-01Z-00-DX1.F827AA8C-3A50-4697-9788-98A3D87BCE52
42,,TCGA-B8-A54D-01Z-00-DX1.DCD17375-918C-4AEA-96F0-7FF8FCF4D00B,TCGA-KO-8409-01Z-00-DX1.C73F6879-81C2-4D2D-9673-4989AADB568D
43,,TCGA-MH-A856-01Z-00-DX1.F135B458-4AB0-499D-B024-5F59E1AC6DA5,TCGA-KL-8333-01Z-00-DX1.830e3f78-ba43-4b42-b2b5-f3be10d2b781
44,,TCGA-2Z-A9J7-01Z-00-DX1.9DB458BA-8AB0-4ECF-A3F9-5851A7A59759,TCGA-KL-8338-01Z-00-DX1.c3febc9e-8adc-49e0-9ce1-9d2dcc79c09c
45,,TCGA-B3-4103-01Z-00-DX1.76bba2e9-0a6d-460b-8ae8-c38a1109456e,TCGA-KL-8323-01Z-00-DX1.01d72f6a-cc87-4082-8af4-738250ec4d9c
46,,TCGA-AL-3467-01Z-00-DX1.89C0449A-A38F-4614-86FC-DDFD925086D7,TCGA-UW-A7GC-01Z-00-DX1.D2D6FCC6-719A-4C03-A496-E23D18655538
47,,TCGA-AL-3467-01Z-00-DX2.3ADEDD93-AD93-46D8-B3AE-1EBC6BD5EAF2,TCGA-UW-A7GC-11Z-00-DX1.ADAF7B0F-8EDC-4022-A873-3A5EBA4A46C3
48,,TCGA-BQ-5892-01Z-00-DX1.f3a4da33-2b60-4b8e-b623-7b6237106a4c,TCGA-KL-8329-01Z-00-DX1.6c9000ef-34ff-4e44-84b3-755a868f6a4e
49,,TCGA-B9-7268-01Z-00-DX1.6F3C101D-49F1-43B4-AFEB-C5F55054E27D,TCGA-UW-A72M-01Z-00-DX1.D2F473F4-24A1-4F02-B02E-C5A0390F0C8F
50,,TCGA-UZ-A9PL-01Z-00-DX1.A7927C7B-9304-40F4-894C-64A953D8F67B,TCGA-KM-8443-01Z-00-DX1.A97D876A-6453-4335-B805-C54529D3915F
51,,TCGA-G7-6790-01Z-00-DX1.273810f2-dee2-4dc9-a8bd-9cbbacd8af3a,TCGA-NP-A5GZ-01Z-00-DX1.07B19B85-A1CE-4AF2-B3E2-C86D11FAC907
52,,TCGA-P4-A5E8-01Z-00-DX1.71EDB6C0-3FA1-4380-BFDB-C1B757E83C3A,TCGA-KM-A7QA-01Z-00-DX1.971BE7D3-6E83-44C9-AFC4-50FE85E9C982
53,,TCGA-BQ-7056-01Z-00-DX1.33a679b4-c0cc-4d96-bcc0-f8c62cf1ae3c,TCGA-KM-A7QD-01Z-00-DX1.E1FCB533-0017-4A90-9835-6CD26FEA30CA
54,,TCGA-BQ-5891-01Z-00-DX1.8e19c5b6-693e-4f65-b1ce-ab1e9ca960ec,TCGA-KM-A7QH-01Z-00-DX1.8CBB8760-A00D-4289-AD09-959FEC2EC03C
55,,TCGA-A4-A6HP-01Z-00-DX1.E323CECA-C081-4A67-98E3-B0BD28800D7A,TCGA-UW-A72I-01Z-00-DX1.EAA44029-3390-4AEF-8B86-E4A1F64E486C
56,,TCGA-2Z-A9JN-01Z-00-DX1.714E8577-5BAE-4D99-92DF-1B75500D7AED,TCGA-KM-A7QL-01Z-00-DX1.2447532C-3635-4F36-952E-F5A5A566A7DB
57,,TCGA-BQ-7058-01Z-00-DX1.b2419f7a-e4af-467d-a0ee-c00b7ac33bdc,TCGA-KO-8405-01Z-00-DX1.DB2F9FFE-B562-4D52-A4DF-E939DE99B5F7
58,,TCGA-2Z-A9JR-01Z-00-DX1.5F5DB6AD-BBEE-4D36-995F-56A78B6BFFE2,TCGA-KL-8344-01Z-00-DX1.fdcc3157-799f-42ed-99dc-b13d381d9230
59,,TCGA-G7-A8LB-01Z-00-DX1.1D3AC235-837A-4E39-9FAA-D7F4E9F5939D,TCGA-UW-A72P-01Z-00-DX1.B16A8F4B-6E8E-4642-AEEF-EBD0613C372D
60,,TCGA-KV-A74V-01Z-00-DX1.1B0131DE-9BDF-4BC8-BEB8-64C5AAD1D284,TCGA-KN-8425-01Z-00-DX1.1D2AB7D2-6AC3-4785-9FBC-40AEED5DE558
61,,TCGA-2Z-A9J6-01Z-00-DX1.EBF72BB6-C4B0-4BA8-820F-8BAE10DF20A2,TCGA-KL-8325-01Z-00-DX1.330bdb6c-86ee-4577-9846-298080b4c2ad
62,,TCGA-IA-A83W-01Z-00-DX1.5A3E52F6-F36B-462C-BEC2-C5B324F45E14,TCGA-KL-8343-01Z-00-DX1.e5aeff79-6d98-4c53-923e-a8fe204fbb43
63,,TCGA-P4-AAVK-01Z-00-DX1.D23DE669-A54A-4921-AB4C-398A2ED7CB93,TCGA-KL-8327-01Z-00-DX1.f3009cdc-baf7-45ba-95a6-1b6311799cc8
64,,,TCGA-KL-8337-01Z-00-DX1.78306056-304b-44c3-87cd-46d3785b7204
65,,,TCGA-KN-8437-01Z-00-DX1.573F2559-097F-4A87-9AB6-55BF2FEB724F
66,,,TCGA-UW-A7GU-01Z-00-DX1.30C1C11C-4113-4F8D-8372-5EE3DD33564D
67,,,TCGA-UW-A7GU-11Z-00-DX1.BC340CDF-7F82-4314-86BA-E003AE43389D
68,,,TCGA-KO-8416-01Z-00-DX1.AA58FA3E-02A6-4696-A4F6-2B11C5B0C0E8
69,,,TCGA-KL-8330-01Z-00-DX1.30a61e5b-9379-498a-9aa4-60fd7a3a2f32
70,,,TCGA-KL-8331-01Z-00-DX1.3c39f9b9-b639-4bca-a415-bf7427ea2ba5
71,,,TCGA-NP-A5H7-01Z-00-DX1.3AEF89FD-4E13-433C-85D8-C8F9F9EA9EF3
72,,,TCGA-KO-8411-01Z-00-DX1.57A47A81-003C-4F34-B8FA-D1313114892F
73,,,TCGA-KM-8439-01Z-00-DX1.F99904A8-21AB-476A-BFE5-B8FAB44FEB4D
74,,,TCGA-KN-8429-01Z-00-DX1.473181A7-5F6A-4B68-B6E0-44EF34F67DA0
75,,,TCGA-KO-8413-01Z-00-DX1.592BC1BB-35B9-4CE1-ACD2-76DD4C4FE7A4
76,,,TCGA-KM-A7QK-01Z-00-DX1.8D69EA34-F28A-4267-8A82-159FB2B7008B
77,,,TCGA-BP-5004-01Z-00-DX1.46d61a35-7e4f-4fce-9785-8efe255852f0
78,,,TCGA-BP-4972-01Z-00-DX1.912c5a3d-2c86-4c39-8c12-dcc0a18440e7
79,,,TCGA-BP-5175-01Z-00-DX1.e954ae94-307c-475e-9f63-92ae1fe946d5
80,,,TCGA-BP-4781-01Z-00-DX1.5bb96821-4711-4fb3-8fd6-5469240a050b
81,,,TCGA-CZ-4865-01Z-00-DX1.54659e9f-398c-45d9-93c9-35a75ca62509
82,,,TCGA-AK-3445-01Z-00-DX1.FAD9A2F0-BDF8-445B-93C2-70AE41E246FB
83,,,TCGA-G6-A8L8-01Z-00-DX1.32E022BA-9959-4E2F-9D9D-AEEB5B7E7E9F
84,,,TCGA-CJ-4636-01Z-00-DX1.828E1165-8011-4DEB-A7F0-BECF570F310F
85,,,TCGA-A3-A8OX-01Z-00-DX1.5A010A2C-0F08-4FF7-A78B-B42198DAF505
86,,,TCGA-CJ-4903-01Z-00-DX1.6DB22AEA-582B-44CB-B153-CBBFE5042735
87,,,TCGA-CJ-4885-01Z-00-DX1.7B74D046-B821-485E-934E-6D3278355822
88,,,TCGA-BP-4176-01Z-00-DX1.e6cbc6db-6340-4bca-b5c0-c3c358c78d80
89,,,TCGA-B0-5691-01Z-00-DX1.ef332029-fdef-4a0c-b891-4ef14da0e6ba
90,,,TCGA-BP-5200-01Z-00-DX1.857a5a60-4cbb-4aa1-ad71-2de6e7e1df30
91,,,TCGA-BP-4982-01Z-00-DX1.c2a2e876-e500-412f-b937-30a3824af803
92,,,TCGA-CJ-4908-01Z-00-DX1.3B9E62AC-B67F-4AAC-9255-8A1EB3A78473
93,,,TCGA-B0-4844-01Z-00-DX1.18c475a1-24a9-473b-82e7-0caa621d18b1
94,,,TCGA-CZ-5982-01Z-00-DX1.b7659f4b-921e-42d9-a691-2b2262a2bfb3
95,,,TCGA-BP-4165-01Z-00-DX1.1f8b54d9-1285-4226-a8f4-1ad789cd48c5
96,,,TCGA-CJ-4891-01Z-00-DX1.5E9F7E8F-110A-4A9F-BCD0-9CFBA14E1419
97,,,TCGA-B0-4824-01Z-00-DX1.c454abac-df1a-4610-be22-49358c436f8d
98,,,TCGA-BP-4807-01Z-00-DX1.c985d6a4-5104-4b37-b7ab-2d357b89bac5
99,,,TCGA-BP-4760-01Z-00-DX1.0a49c368-739d-42f8-a1cc-5a35ee70a810
100,,,TCGA-BP-5174-01Z-00-DX1.d6f8427f-fbbe-4582-a020-ede5675a7e76
101,,,TCGA-A3-A8OW-01Z-00-DX1.B173FC44-8708-4255-AF01-9D8194F0BCA1
102,,,TCGA-CJ-4901-01Z-00-DX1.F720CF55-2204-4222-A99B-165FF257AF22
103,,,TCGA-B0-5116-01Z-00-DX1.48fbc5d2-2fda-4ad3-86ee-ab43fb0f56cb
104,,,TCGA-CJ-4886-01Z-00-DX1.14E6C96C-BD32-4EB4-8C9A-760A62D8DFDE
105,,,TCGA-BP-5000-01Z-00-DX1.0915cb6f-f9b1-4ea8-a227-cbc559db4c6a
106,,,TCGA-B0-4697-01Z-00-DX1.f897b21b-75c7-4ebc-86d9-8d783b39fefa
107,,,TCGA-B0-5102-01Z-00-DX1.0dc0a4bf-4836-4f9f-a31e-c03eb6855cf7
108,,,TCGA-BP-4337-01Z-00-DX1.5c88395f-317b-4cc5-8945-16c7cdb0876e
109,,,TCGA-CJ-4643-01Z-00-DX1.50F38125-1825-4B66-A171-4C92279E306D
110,,,TCGA-A3-3374-01Z-00-DX1.560b8f9f-5195-43e0-be52-73aede19e077
111,,,TCGA-B0-5106-01Z-00-DX1.564e51a3-be50-4eed-ba9c-4d478b96ffc6
112,,,TCGA-B2-5636-01Z-00-DX1.31aff50a-fa20-4f89-85e4-bc2417c4db46
113,,,TCGA-BP-4803-01Z-00-DX1.6d00ac00-b812-44bf-a826-b24194bd8ab0
114,,,TCGA-B0-5705-01Z-00-DX1.4544d10a-df2f-46f3-b174-94f72c9310aa
115,,,TCGA-B8-5551-01Z-00-DX1.eafbba65-d1ae-49e2-9253-5de17ebcb713
116,,,TCGA-CJ-6031-01Z-00-DX1.372B4225-F672-4E8F-9873-3A4FE6A7982A
117,,,TCGA-DV-5574-01Z-00-DX1.29e43c01-6f4b-4e06-8097-bbe69a187de0
118,,,TCGA-CZ-5460-01Z-00-DX1.369e0c80-f187-4e65-bf6b-e6e088fcc895
119,,,TCGA-BP-4769-01Z-00-DX1.c13d841b-b3f6-4d86-b1c1-94e850a8fa44
120,,,TCGA-BP-4797-01Z-00-DX1.ede57976-a7d8-4534-bba3-3a3472fefd62
121,,,TCGA-BP-4974-01Z-00-DX1.97991078-9139-4bca-a5c7-0c6c66459df9
122,,,TCGA-CJ-4870-01Z-00-DX1.38991588-D25A-48F6-80B5-51ED34AA8D35
123,,,TCGA-CJ-4918-01Z-00-DX1.FC5811FB-D6B4-479C-8A47-9023D0873319
124,,,TCGA-B0-5085-01Z-00-DX1.29c82ff0-9e4d-477f-a8d9-8931c69e58f8
125,,,TCGA-B0-4817-01Z-00-DX1.92c7c348-7373-4ebc-9459-c8122e6eeb41
126,,,TCGA-CJ-4635-01Z-00-DX1.EEA2C1E0-650B-43AC-8674-9401E927A4CB
127,,,TCGA-BP-5190-01Z-00-DX1.1bc4a76e-f264-45fc-ad34-6c77593c4cc4
128,,,TCGA-B0-4822-01Z-00-DX1.02168abf-0d65-4bdf-b740-e1e082dd9d03
129,,,TCGA-B0-5812-01Z-00-DX1.668e75ce-2d02-47aa-9ce4-9931dd53e9a4
130,,,TCGA-CJ-4888-01Z-00-DX1.3C25F016-BC38-4B8A-9DCF-6ACCDEEC2525
131,,,TCGA-A3-3351-01Z-00-DX1.bbfb3f8b-ef35-423a-b13f-7ccf6438b01f
132,,,TCGA-BP-4964-01Z-00-DX1.b7ed6f65-4382-4f19-8fef-1e677cadde75
133,,,TCGA-B0-4696-01Z-00-DX1.87ac4060-189a-4187-a7ed-9bc5fcfa6feb
134,,,TCGA-AK-3454-01Z-00-DX1.C6853BCF-0ECF-443A-8516-6D544C9BD456
135,,,TCGA-BP-4795-01Z-00-DX1.29d32315-efd2-495c-85b5-86db265cfc9c
136,,,TCGA-BP-5006-01Z-00-DX1.98cb6ac9-bb30-4b71-aa66-0d08f80ecd55
137,,,TCGA-B0-5710-01Z-00-DX1.1d30af81-4ce1-4574-9bca-c8f3e1f7f209
138,,,TCGA-B0-4819-01Z-00-DX1.4ce81ca5-c546-4d52-895f-092b43635dfc
139,,,TCGA-B0-4703-01Z-00-DX1.05400469-03bd-4f1b-ac33-580a8b582c39
140,,,TCGA-CZ-5469-01Z-00-DX1.5c3baf64-ab33-4b32-b5e7-b7e4f42b6051
141,,,TCGA-B0-4827-01Z-00-DX1.c08eeafe-d2d4-41d1-a8f5-eacd1b0e601f
142,,,TCGA-B8-4148-01Z-00-DX1.B27E1027-0740-46B2-91FA-FE018746D81F
143,,,TCGA-CJ-5680-01Z-00-DX1.116A7D3A-9505-40B7-AAB3-DC48A85AEAE9
144,,,TCGA-BP-4971-01Z-00-DX1.182dfca9-308e-4cb6-8c29-2d9d3bae4f91
145,,,TCGA-CZ-4862-01Z-00-DX1.67cc16d6-6589-4f7b-bc7e-642eae3d2779
146,,,TCGA-BP-4160-01Z-00-DX1.3d2b326c-6bab-46b6-999f-c9e244524926
147,,,TCGA-B9-A5W8-01Z-00-DX1.4AF63260-F90E-4F41-83E6-BC5FBC7F71ED
148,,,TCGA-WN-AB4C-01Z-00-DX1.9A983740-01DA-42EB-BC00-B10A581C519F
149,,,TCGA-AL-3468-01Z-00-DX1.F86A4811-D60C-4845-A7A5-B7C7BE202202
150,,,TCGA-AL-3468-01Z-00-DX2.B7D8DCCE-C015-4284-96EF-ED7F4A7771B7
151,,,TCGA-G7-7501-01Z-00-DX1.9d079751-475f-4e04-9c64-e626d543439d
152,,,TCGA-5P-A9JW-01Z-00-DX1.36EC2D9D-7CC2-42BF-A482-AE28F9A5DAC7
153,,,TCGA-BQ-7053-01Z-00-DX1.a5197a8b-5636-4999-9079-373bd4564ced
154,,,TCGA-DW-7963-01Z-00-DX1.B29C89E1-FC44-4565-97EC-DCBE7C0973B1
155,,,TCGA-UZ-A9PN-01Z-00-DX1.D3D3BDE3-E1CF-4F31-8130-E7F302F77FB9
156,,,TCGA-SX-A7SP-01Z-00-DX1.093B9AC2-423B-4E58-BDD9-47FD5A6EA94A
157,,,TCGA-BQ-7059-01Z-00-DX1.14b4beda-8f00-44b8-9d99-1fa144431d92
158,,,TCGA-UZ-A9PK-01Z-00-DX1.DCC24D30-BCA1-4481-B29E-6A156D670A63
159,,,TCGA-UZ-A9PX-01Z-00-DX1.C02621B3-65B6-48A6-A291-889A685A1403
160,,,TCGA-5P-A9KF-01Z-00-DX1.E35ED527-BD60-4534-B23A-D4DDACA2EB6D
161,,,TCGA-5P-A9KE-01Z-00-DX1.7295A9F6-0C5A-4DBC-9772-94CBB47D28A3
162,,,TCGA-G7-A4TM-01Z-00-DX1.F7F3F097-C8E5-467E-BAD2-2FB66076C40B
163,,,TCGA-DW-7838-01Z-00-DX1.08AE47C1-7A7C-4D7A-A485-13F37341D1AC
164,,,TCGA-2Z-A9J5-01Z-00-DX1.ABD15820-58CA-4765-ACB3-6601FC5C9F24
165,,,TCGA-A4-A5Y1-01Z-00-DX1.810C9823-203E-4C83-8CFC-49DDB724BCFC
166,,,TCGA-A4-7732-01Z-00-DX1.e5038a3e-cdc3-4301-adcb-dfa05280389c
167,,,TCGA-2Z-A9JS-01Z-00-DX1.9D40DC57-3B70-4069-8196-0B8706EF2405
168,,,TCGA-GL-7966-01Z-00-DX1.D53E267B-BC0D-43A7-8E89-FCCC2BD5380C
169,,,TCGA-BQ-5883-01Z-00-DX1.39ab2684-a82c-43d7-8134-e2c5830a5688
170,,,TCGA-Y8-A8S0-01Z-00-DX1.B7010362-0F7C-4094-A9AD-925443CCAC50
171,,,TCGA-GL-A4EM-01Z-00-DX1.40D84E7D-B7F9-40A8-B411-645403CB0B9E
172,,,TCGA-G7-6795-01Z-00-DX1.3467ceec-438d-49a2-8396-018ff67a1060
173,,,TCGA-HE-7130-01Z-00-DX1.1E46B522-6A18-4286-B84A-4C7FFD3B4833
174,,,TCGA-IZ-A6M9-01Z-00-DX1.FA87A9BF-1FC0-4D14-BD54-2B3C66F338F9
175,,,TCGA-DW-7839-01Z-00-DX1.A532D9CE-7D14-47B8-8AB3-524F4C7364BE
176,,,TCGA-5P-A9K4-01Z-00-DX1.7639BB1D-6FE4-438C-8610-D7F9E0B8D370
177,,,TCGA-5P-A9JZ-01Z-00-DX1.882DD175-62F1-4CCA-9B17-D79D80D7B75C
178,,,TCGA-A4-7286-01Z-00-DX1.cce3e96e-f940-4279-a1c3-16811eb712ac
179,,,TCGA-BQ-5885-01Z-00-DX1.5311f60f-0291-4396-ae4c-4228b73188da
180,,,TCGA-V9-A7HT-01Z-00-DX1.128997AA-B00E-48BA-8936-4F3A65C6A6E3
181,,,TCGA-EV-5903-01Z-00-DX1.04ef7cdf-b282-4ad3-917d-31bb7b379559
182,,,TCGA-2K-A9WE-01Z-00-DX1.ED8ADE3B-D49B-403B-B4EB-BD11D91DD676
183,,,TCGA-UZ-A9PR-01Z-00-DX1.B0118472-5A2A-43FB-9345-D28362745C78
184,,,TCGA-MH-A854-01Z-00-DX1.DB5B7519-1C0F-4328-A128-FA17C2F29064
185,,,TCGA-2Z-A9JG-01Z-00-DX1.1ACF5371-F7F7-4477-9450-4A46709CCEDC
186,,,TCGA-BQ-5886-01Z-00-DX1.7a12ddce-2ece-46d3-bc42-12ec540d0ffe
187,,,TCGA-2Z-A9JD-01Z-00-DX1.46779418-49C3-4E76-BFC7-1711219548A7
188,,,TCGA-A4-8517-01Z-00-DX1.637AFB7A-BB67-40D6-AA45-4F119D73D0DD
189,,,TCGA-5P-A9JY-01Z-00-DX1.C10E8887-2AFA-44A5-A6E2-03456448781A
190,,,TCGA-B3-A6W5-01Z-00-DX1.96E31A69-6D56-4520-8AF3-C083FB49A7DB
191,,,TCGA-B3-A6W5-01Z-00-DX2.B7C13C84-9D45-4285-8D7F-8FE148E9F42F
192,,,TCGA-A4-7734-01Z-00-DX1.bb749d31-64c6-4b2e-a729-3a903e18fc1c
193,,,TCGA-IA-A83S-01Z-00-DX1.806D1CFE-07E1-4CC2-AE73-08D8C2DCA008
194,,,TCGA-MH-A561-01Z-00-DX1.773B7CD9-EB27-416B-BA09-EE351CF7AA30
195,,,TCGA-B1-7332-01Z-00-DX1.a04eb9f5-6b35-4877-8b54-f675fab63925
196,,,TCGA-P4-A5EA-01Z-00-DX1.21DE2F39-A8B1-4482-9E7C-C67ABEAB4C32
197,,,TCGA-HE-A5NJ-01Z-00-DX1.69FC80A0-39FD-4E75-8351-6F3BB3CEF1D9
198,,,TCGA-B9-A8YI-01Z-00-DX1.9CA926F1-33D5-4FC4-8F23-AF8AF4DC07A5
199,,,TCGA-2Z-A9JK-01Z-00-DX1.C2A22DB8-EF09-430C-ACCA-542F1CA6A45C
200,,,TCGA-2Z-A9JO-01Z-00-DX1.FAD98648-643A-40A0-8D93-5A0582812268
201,,,TCGA-F9-A7VF-01Z-00-DX1.5EE5DC2E-B20F-4155-837F-B69E05F2BF95
202,,,TCGA-Y8-A894-01Z-00-DX1.B8EDB990-C0E6-4653-9AD4-AB3A4065C313
203,,,TCGA-BQ-5890-01Z-00-DX1.89720b5b-5b20-49ec-958d-b67f8f1b2673
204,,,TCGA-A4-8630-01Z-00-DX1.D00486C1-1E74-4B8A-AC00-9E2365F20383
205,,,TCGA-IA-A40X-01Z-00-DX1.AE832D8E-57E9-466C-B9BA-D71851219986
206,,,TCGA-Y8-A897-01Z-00-DX1.2FE4B0F6-6BC3-4238-A7C5-B1B74884193C
207,,,TCGA-IZ-8195-01Z-00-DX1.CC45F225-99E9-437C-8105-5B6F1D87C200
208,,,TCGA-2Z-A9J9-01Z-00-DX1.D6AA9708-04ED-477F-9FAF-B70F0DD8C1BE
209,,,TCGA-J7-A8I2-01Z-00-DX1.66EECFED-1C22-4155-9B78-833E8E620F32
210,,,TCGA-B9-4117-01Z-00-DX1.9c2239e4-0bff-4482-914d-fd59afde75ab
211,,,TCGA-BQ-5881-01Z-00-DX1.5eff6d78-773a-49d6-be59-de63172d543c
212,,,TCGA-UZ-A9PM-01Z-00-DX1.059B869D-B4B4-45FE-BEFC-AA2896122C83
213,,,TCGA-A4-7583-01Z-00-DX1.c958bf2d-ad61-4b21-93fd-afb5ac110e55
214,,,TCGA-EV-5902-01Z-00-DX1.dfbe9f70-a570-422e-a883-4b2f0e9a3024
215,,,TCGA-J7-6720-01Z-00-DX1.049801b6-0f22-44cf-a12c-b46f2aa3ee6b
216,,,TCGA-2Z-A9J8-01Z-00-DX1.27D9327E-905A-418B-BDC1-B2320D98F5F3
217,,,TCGA-A4-8098-01Z-00-DX1.2ac5ab19-544e-4ba5-8b82-7810dcd45fa4
218,,,TCGA-G7-6797-01Z-00-DX1.a19f9720-72cc-43a4-a081-1adc9ff37fe1
